{"best_params": {"max_depth": -1, "n_estimators": 500}, "metrics": {"R2": 0.9822323205965936, "RMSE": 363.4791367475666, "MAE": 196.6325340917896}}